brand,processor_brand,ram_gb,ssd,hdd,os_bit,Touchscreen,Price
ASUS,Intel,4 GB,0 GB,1024 GB,64-bit,No,34649
Lenovo,Intel,4 GB,0 GB,1024 GB,64-bit,No,38999
Lenovo,Intel,4 GB,0 GB,1024 GB,64-bit,No,39999
ASUS,Intel,8 GB,512 GB,0 GB,32-bit,No,69990
ASUS,Intel,4 GB,0 GB,512 GB,64-bit,No,26990
ASUS,Intel,4 GB,0 GB,512 GB,64-bit,No,22990
ASUS,Intel,4 GB,0 GB,512 GB,32-bit,No,21990
ASUS,Intel,8 GB,0 GB,1024 GB,32-bit,No,58799
Lenovo,Intel,4 GB,0 GB,1024 GB,32-bit,No,49999
acer,AMD,4 GB,0 GB,512 GB,32-bit,No,59990
acer,AMD,4 GB,0 GB,512 GB,32-bit,No,93700
acer,AMD,4 GB,0 GB,512 GB,32-bit,No,72990
Avita,Intel,4 GB,0 GB,512 GB,64-bit,No,17490
ASUS,Intel,4 GB,0 GB,512 GB,64-bit,No,22990
ASUS,Intel,4 GB,256 GB,0 GB,64-bit,No,35990
HP,Intel,8 GB,256 GB,0 GB,64-bit,Yes,56490
HP,Intel,8 GB,256 GB,0 GB,64-bit,No,65390
Lenovo,Intel,4 GB,256 GB,0 GB,64-bit,No,31999
HP,Intel,8 GB,256 GB,0 GB,64-bit,No,32490
Lenovo,Intel,4 GB,256 GB,0 GB,64-bit,No,31799
ASUS,Intel,4 GB,256 GB,0 GB,64-bit,No,29890
ASUS,Intel,4 GB,0 GB,1024 GB,64-bit,No,23990
HP,Intel,4 GB,0 GB,1024 GB,64-bit,No,32955
HP,Intel,4 GB,0 GB,1024 GB,32-bit,No,46200
ASUS,Intel,4 GB,256 GB,0 GB,64-bit,No,34429
Lenovo,Intel,8 GB,256 GB,0 GB,32-bit,No,37990
ASUS,Intel,4 GB,256 GB,0 GB,32-bit,No,35990
ASUS,Intel,8 GB,256 GB,0 GB,64-bit,No,33980
HP,Intel,8 GB,256 GB,0 GB,64-bit,No,39990
DELL,Intel,8 GB,256 GB,0 GB,64-bit,No,39490
HP,Intel,8 GB,256 GB,0 GB,64-bit,Yes,53990
acer,Intel,8 GB,256 GB,0 GB,64-bit,No,38990
ASUS,Intel,8 GB,256 GB,0 GB,64-bit,No,37990
ASUS,Intel,8 GB,256 GB,0 GB,64-bit,No,37890
Lenovo,Intel,8 GB,256 GB,0 GB,64-bit,No,38990
Lenovo,Intel,8 GB,256 GB,0 GB,64-bit,No,37990
DELL,Intel,8 GB,256 GB,0 GB,64-bit,No,41990
ASUS,Intel,8 GB,256 GB,0 GB,64-bit,No,45990
Lenovo,Intel,8 GB,256 GB,0 GB,64-bit,No,39990
DELL,Intel,8 GB,256 GB,0 GB,64-bit,No,42490
DELL,Intel,4 GB,256 GB,0 GB,64-bit,No,36990
Lenovo,Intel,8 GB,256 GB,0 GB,64-bit,Yes,53990
ASUS,Intel,8 GB,256 GB,0 GB,64-bit,No,36990
Lenovo,Intel,4 GB,256 GB,0 GB,64-bit,No,38940
DELL,Intel,4 GB,256 GB,0 GB,64-bit,No,39490
ASUS,Intel,8 GB,256 GB,0 GB,64-bit,No,45990
Lenovo,Intel,8 GB,256 GB,0 GB,64-bit,No,39999
DELL,Intel,8 GB,256 GB,0 GB,64-bit,No,42990
DELL,Intel,8 GB,256 GB,0 GB,64-bit,Yes,49990
DELL,Intel,8 GB,256 GB,0 GB,64-bit,No,41490
DELL,Intel,8 GB,256 GB,0 GB,64-bit,No,41990
Lenovo,Intel,8 GB,256 GB,0 GB,64-bit,No,41990
ASUS,Intel,8 GB,256 GB,0 GB,64-bit,No,38490
Lenovo,Intel,4 GB,256 GB,0 GB,64-bit,No,38990
Lenovo,Intel,4 GB,256 GB,0 GB,64-bit,No,44990
Lenovo,Intel,4 GB,256 GB,0 GB,64-bit,No,36490
Lenovo,Intel,8 GB,256 GB,0 GB,32-bit,No,38970
HP,Intel,4 GB,256 GB,0 GB,64-bit,No,44900
MSI,Intel,4 GB,256 GB,0 GB,64-bit,No,38990
DELL,Intel,4 GB,256 GB,0 GB,64-bit,No,44427
ASUS,Intel,4 GB,256 GB,0 GB,64-bit,No,35990
Lenovo,Intel,4 GB,256 GB,0 GB,64-bit,No,40200
Lenovo,Intel,4 GB,256 GB,0 GB,32-bit,No,40990
DELL,Intel,4 GB,256 GB,0 GB,64-bit,No,42490
acer,Intel,4 GB,0 GB,512 GB,32-bit,No,23990
DELL,Intel,4 GB,256 GB,0 GB,64-bit,Yes,71999
ASUS,Intel,4 GB,256 GB,0 GB,64-bit,No,39990
Lenovo,Intel,4 GB,256 GB,0 GB,64-bit,No,41998
ASUS,Intel,4 GB,256 GB,0 GB,32-bit,No,41990
Lenovo,Intel,4 GB,256 GB,0 GB,64-bit,No,39999
ASUS,Intel,4 GB,256 GB,0 GB,32-bit,No,39990
Lenovo,Intel,4 GB,256 GB,0 GB,64-bit,No,39998
HP,Intel,4 GB,256 GB,0 GB,64-bit,No,42490
Lenovo,Intel,4 GB,256 GB,0 GB,32-bit,No,41990
ASUS,Intel,4 GB,256 GB,0 GB,32-bit,No,48490
HP,Intel,4 GB,256 GB,0 GB,64-bit,No,44376
DELL,Intel,4 GB,256 GB,0 GB,32-bit,No,43900
DELL,Intel,4 GB,256 GB,0 GB,64-bit,No,46690
Lenovo,Intel,4 GB,256 GB,0 GB,32-bit,No,40990
DELL,Intel,4 GB,256 GB,0 GB,64-bit,No,39990
Lenovo,Intel,4 GB,256 GB,0 GB,64-bit,No,43990
ASUS,Intel,4 GB,256 GB,0 GB,64-bit,No,36990
DELL,Intel,8 GB,256 GB,0 GB,64-bit,No,48500
ASUS,Intel,8 GB,256 GB,0 GB,64-bit,No,48990
ASUS,Intel,4 GB,0 GB,512 GB,32-bit,No,23490
HP,Intel,4 GB,256 GB,0 GB,64-bit,Yes,54238
ASUS,Intel,8 GB,512 GB,0 GB,64-bit,No,37990
HP,Intel,8 GB,512 GB,0 GB,64-bit,No,42990
HP,Intel,8 GB,512 GB,0 GB,64-bit,No,42990
ASUS,Intel,4 GB,512 GB,0 GB,64-bit,No,35990
ASUS,Intel,8 GB,512 GB,0 GB,64-bit,No,42990
ASUS,Intel,8 GB,512 GB,0 GB,32-bit,Yes,51990
ASUS,Intel,8 GB,512 GB,0 GB,64-bit,No,48990
ASUS,Intel,8 GB,512 GB,0 GB,64-bit,No,42990
Lenovo,Intel,8 GB,512 GB,0 GB,64-bit,No,38990
DELL,Intel,8 GB,512 GB,0 GB,64-bit,No,45990
HP,Intel,8 GB,512 GB,0 GB,64-bit,No,42490
HP,Intel,8 GB,512 GB,0 GB,64-bit,No,43970
ASUS,Intel,4 GB,512 GB,0 GB,64-bit,No,39990
MSI,Intel,8 GB,512 GB,0 GB,64-bit,No,48990
HP,Intel,8 GB,512 GB,0 GB,64-bit,No,54990
MSI,Intel,8 GB,512 GB,0 GB,64-bit,No,40990
ASUS,Intel,8 GB,512 GB,0 GB,64-bit,No,41990
Lenovo,Intel,8 GB,512 GB,0 GB,64-bit,Yes,54990
ASUS,Intel,8 GB,512 GB,0 GB,64-bit,No,44990
HP,Intel,8 GB,512 GB,0 GB,64-bit,No,41250
HP,Intel,8 GB,512 GB,0 GB,64-bit,No,44990
ASUS,Intel,8 GB,512 GB,0 GB,64-bit,No,42990
DELL,Intel,8 GB,512 GB,0 GB,64-bit,Yes,60790
HP,Intel,8 GB,512 GB,0 GB,64-bit,No,45650
DELL,Intel,8 GB,512 GB,0 GB,64-bit,No,41990
DELL,Intel,8 GB,512 GB,0 GB,64-bit,No,45490
ASUS,Intel,8 GB,512 GB,0 GB,64-bit,No,44990
Lenovo,Intel,8 GB,512 GB,0 GB,64-bit,No,42990
HP,Intel,4 GB,512 GB,0 GB,64-bit,No,45490
HP,Intel,4 GB,512 GB,0 GB,32-bit,No,38799
HP,Intel,4 GB,512 GB,0 GB,64-bit,Yes,69267
ASUS,Intel,4 GB,512 GB,0 GB,64-bit,No,51649
HP,Intel,4 GB,512 GB,0 GB,64-bit,No,47990
ASUS,Intel,4 GB,512 GB,0 GB,64-bit,No,40990
ASUS,Intel,4 GB,512 GB,0 GB,64-bit,No,42990
ASUS,Intel,4 GB,512 GB,0 GB,64-bit,No,44890
ASUS,Intel,4 GB,512 GB,0 GB,64-bit,No,41490
HP,Intel,4 GB,512 GB,0 GB,32-bit,No,50990
HP,Intel,4 GB,512 GB,0 GB,64-bit,No,48900
ASUS,Intel,4 GB,512 GB,0 GB,64-bit,No,40990
DELL,Intel,4 GB,512 GB,0 GB,64-bit,No,41790
Lenovo,Intel,4 GB,512 GB,0 GB,64-bit,Yes,57999
DELL,Intel,8 GB,512 GB,0 GB,64-bit,No,45930
HP,Intel,8 GB,512 GB,0 GB,64-bit,Yes,55490
ASUS,Intel,8 GB,0 GB,1024 GB,64-bit,No,32890
Lenovo,Intel,8 GB,0 GB,1024 GB,64-bit,No,35990
DELL,Intel,8 GB,0 GB,1024 GB,64-bit,No,42490
DELL,Intel,8 GB,0 GB,1024 GB,64-bit,No,42190
DELL,Intel,8 GB,0 GB,1024 GB,64-bit,No,39490
HP,Intel,8 GB,0 GB,1024 GB,64-bit,No,43690
ASUS,Intel,4 GB,0 GB,1024 GB,64-bit,No,35990
DELL,Intel,8 GB,0 GB,1024 GB,32-bit,No,43800
Lenovo,Intel,8 GB,0 GB,1024 GB,32-bit,No,38990
ASUS,Intel,4 GB,0 GB,1024 GB,64-bit,No,34990
ASUS,Intel,8 GB,0 GB,1024 GB,64-bit,No,38900
DELL,Intel,4 GB,0 GB,1024 GB,64-bit,No,39990
DELL,Intel,4 GB,0 GB,1024 GB,32-bit,No,40890
Lenovo,Intel,4 GB,0 GB,1024 GB,64-bit,No,36990
HP,Intel,4 GB,0 GB,1024 GB,64-bit,No,39990
HP,Intel,4 GB,0 GB,1024 GB,64-bit,No,41990
DELL,Intel,4 GB,0 GB,1024 GB,32-bit,No,43970
HP,Intel,4 GB,0 GB,1024 GB,64-bit,No,39790
ASUS,Intel,4 GB,0 GB,1024 GB,32-bit,No,35590
HP,Intel,4 GB,0 GB,1024 GB,64-bit,No,36490
ASUS,Intel,4 GB,0 GB,1024 GB,64-bit,No,38990
ASUS,Intel,4 GB,0 GB,1024 GB,32-bit,No,33990
DELL,Intel,4 GB,0 GB,1024 GB,64-bit,No,43400
ASUS,Intel,4 GB,0 GB,512 GB,32-bit,No,24990
HP,Intel,4 GB,0 GB,1024 GB,64-bit,No,40750
DELL,Intel,4 GB,0 GB,1024 GB,64-bit,No,43000
ASUS,Intel,4 GB,0 GB,1024 GB,64-bit,No,38000
DELL,Intel,8 GB,0 GB,1024 GB,64-bit,No,37990
HP,Intel,8 GB,0 GB,1024 GB,64-bit,No,49279
Lenovo,Intel,8 GB,0 GB,1024 GB,32-bit,No,38999
ASUS,Intel,8 GB,0 GB,1024 GB,32-bit,No,41500
acer,Intel,4 GB,0 GB,1024 GB,32-bit,No,36999
DELL,Intel,8 GB,0 GB,1024 GB,32-bit,No,42900
ASUS,Intel,4 GB,0 GB,512 GB,32-bit,No,21490
DELL,Intel,8 GB,0 GB,1024 GB,32-bit,No,41480
ASUS,Intel,8 GB,0 GB,1024 GB,64-bit,No,32990
ASUS,Intel,8 GB,0 GB,1024 GB,64-bit,No,38680
ASUS,Intel,4 GB,0 GB,512 GB,32-bit,No,23990
DELL,Intel,8 GB,0 GB,1024 GB,64-bit,No,40390
ASUS,Intel,4 GB,0 GB,1024 GB,64-bit,No,33990
ASUS,Intel,4 GB,0 GB,512 GB,32-bit,No,20490
DELL,Intel,8 GB,256 GB,1024 GB,64-bit,No,41490
DELL,Intel,8 GB,256 GB,1024 GB,64-bit,No,45490
DELL,Intel,8 GB,256 GB,1024 GB,64-bit,No,44490
ASUS,Intel,8 GB,256 GB,1024 GB,64-bit,No,41890
DELL,Intel,4 GB,256 GB,1024 GB,64-bit,No,42990
acer,Intel,8 GB,256 GB,1024 GB,64-bit,No,40990
DELL,Intel,8 GB,256 GB,1024 GB,64-bit,No,48990
DELL,Intel,4 GB,256 GB,1024 GB,64-bit,No,43590
DELL,Intel,4 GB,256 GB,1024 GB,64-bit,No,44690
ASUS,Intel,4 GB,256 GB,1024 GB,64-bit,No,40990
DELL,Intel,4 GB,256 GB,1024 GB,64-bit,No,43990
DELL,Intel,4 GB,256 GB,1024 GB,64-bit,No,43590
DELL,Intel,4 GB,256 GB,1024 GB,64-bit,No,41390
DELL,Intel,4 GB,256 GB,1024 GB,64-bit,No,44290
DELL,Intel,4 GB,256 GB,1024 GB,64-bit,No,48999
DELL,Intel,4 GB,256 GB,1024 GB,64-bit,No,39990
DELL,Intel,8 GB,256 GB,1024 GB,64-bit,No,46390
ASUS,Intel,4 GB,0 GB,512 GB,64-bit,No,18990
ASUS,Intel,4 GB,0 GB,512 GB,32-bit,No,17990
HP,Intel,4 GB,0 GB,512 GB,64-bit,No,26470
HP,Intel,4 GB,0 GB,512 GB,64-bit,No,27990
Lenovo,Intel,4 GB,0 GB,1024 GB,32-bit,No,29999
Lenovo,Intel,4 GB,0 GB,512 GB,64-bit,No,25990
Lenovo,Intel,4 GB,0 GB,512 GB,32-bit,No,16990
Lenovo,Intel,4 GB,0 GB,512 GB,32-bit,No,24990
acer,Intel,8 GB,0 GB,512 GB,32-bit,No,50990
acer,Intel,8 GB,0 GB,512 GB,32-bit,No,119990
acer,Intel,8 GB,0 GB,512 GB,32-bit,No,94190
ASUS,Intel,8 GB,0 GB,512 GB,32-bit,No,106167
DELL,Intel,8 GB,0 GB,512 GB,32-bit,No,68090
DELL,Intel,8 GB,0 GB,512 GB,32-bit,No,139990
HP,Intel,8 GB,0 GB,512 GB,32-bit,No,55990
HP,Intel,8 GB,0 GB,512 GB,32-bit,No,102551
Lenovo,Intel,8 GB,0 GB,512 GB,32-bit,No,46990
HP,Intel,8 GB,128 GB,0 GB,64-bit,No,76012
Lenovo,Intel,8 GB,256 GB,0 GB,64-bit,No,49490
acer,Intel,8 GB,256 GB,0 GB,64-bit,No,86867
ASUS,Intel,8 GB,256 GB,0 GB,64-bit,No,48990
DELL,Intel,8 GB,256 GB,0 GB,64-bit,No,55990
acer,Intel,8 GB,256 GB,0 GB,64-bit,Yes,81998
HP,Intel,8 GB,256 GB,0 GB,64-bit,Yes,136590
acer,Intel,8 GB,256 GB,0 GB,64-bit,No,59490
ASUS,Intel,8 GB,256 GB,0 GB,64-bit,No,49800
Lenovo,Intel,8 GB,256 GB,0 GB,64-bit,No,61999
HP,Intel,8 GB,512 GB,0 GB,64-bit,No,54990
HP,Intel,8 GB,512 GB,0 GB,64-bit,No,53990
Lenovo,Intel,8 GB,512 GB,0 GB,64-bit,No,52990
HP,Intel,16 GB,512 GB,0 GB,64-bit,No,67990
ASUS,Intel,8 GB,512 GB,0 GB,64-bit,No,57990
Lenovo,Intel,16 GB,512 GB,0 GB,64-bit,No,62300
Lenovo,Intel,8 GB,512 GB,0 GB,64-bit,No,52990
Lenovo,Intel,8 GB,512 GB,0 GB,64-bit,No,51990
Lenovo,Intel,16 GB,512 GB,0 GB,64-bit,No,61990
ASUS,Intel,8 GB,512 GB,0 GB,32-bit,Yes,63990
Lenovo,Intel,8 GB,512 GB,0 GB,64-bit,No,65990
acer,Intel,8 GB,512 GB,0 GB,64-bit,No,52990
Lenovo,Intel,8 GB,512 GB,0 GB,64-bit,No,49990
ASUS,Intel,8 GB,512 GB,0 GB,64-bit,No,71990
ASUS,Intel,8 GB,512 GB,0 GB,64-bit,No,47990
Lenovo,Intel,8 GB,512 GB,0 GB,32-bit,No,48490
ASUS,Intel,8 GB,512 GB,0 GB,64-bit,No,72990
MSI,Intel,16 GB,512 GB,0 GB,64-bit,No,76990
ASUS,Intel,16 GB,512 GB,0 GB,64-bit,No,89990
MSI,Intel,8 GB,512 GB,0 GB,64-bit,No,59990
ASUS,Intel,8 GB,512 GB,0 GB,64-bit,No,65990
DELL,Intel,8 GB,512 GB,0 GB,64-bit,Yes,71990
DELL,Intel,8 GB,512 GB,0 GB,64-bit,Yes,71890
Lenovo,Intel,16 GB,512 GB,0 GB,64-bit,No,64990
ASUS,Intel,16 GB,512 GB,0 GB,64-bit,No,65990
HP,Intel,8 GB,512 GB,0 GB,64-bit,No,55999
ASUS,Intel,16 GB,512 GB,0 GB,64-bit,No,73490
HP,Intel,16 GB,512 GB,0 GB,64-bit,No,74490
HP,Intel,8 GB,512 GB,0 GB,64-bit,No,58340
acer,Intel,8 GB,512 GB,0 GB,64-bit,No,55999
DELL,Intel,16 GB,512 GB,0 GB,64-bit,No,67990
ASUS,Intel,16 GB,512 GB,0 GB,64-bit,No,59990
ASUS,Intel,16 GB,512 GB,0 GB,64-bit,No,82990
DELL,Intel,8 GB,512 GB,0 GB,64-bit,No,64190
DELL,Intel,16 GB,512 GB,0 GB,64-bit,No,70090
ASUS,Intel,8 GB,512 GB,0 GB,64-bit,No,49990
MSI,Intel,8 GB,512 GB,0 GB,64-bit,No,55490
HP,Intel,8 GB,512 GB,0 GB,64-bit,Yes,97990
ASUS,Intel,8 GB,512 GB,0 GB,64-bit,No,54990
Lenovo,Intel,8 GB,512 GB,0 GB,64-bit,No,59990
Lenovo,Intel,8 GB,512 GB,0 GB,64-bit,No,53990
HP,Intel,16 GB,512 GB,0 GB,64-bit,No,66999
acer,Intel,8 GB,512 GB,0 GB,64-bit,No,60990
ASUS,Intel,8 GB,512 GB,0 GB,64-bit,No,47990
HP,Intel,8 GB,512 GB,0 GB,32-bit,No,59999
DELL,Intel,16 GB,512 GB,0 GB,64-bit,No,79990
ASUS,Intel,8 GB,512 GB,0 GB,64-bit,No,63990
HP,Intel,8 GB,512 GB,0 GB,64-bit,No,63990
ASUS,Intel,16 GB,512 GB,0 GB,64-bit,No,59990
Lenovo,Intel,8 GB,512 GB,0 GB,64-bit,No,55990
ASUS,Intel,16 GB,512 GB,0 GB,64-bit,No,59990
HP,Intel,8 GB,512 GB,0 GB,64-bit,No,63990
DELL,Intel,16 GB,512 GB,0 GB,64-bit,No,69490
DELL,Intel,16 GB,512 GB,0 GB,64-bit,Yes,89390
ASUS,Intel,8 GB,512 GB,0 GB,64-bit,No,74990
Lenovo,Intel,8 GB,512 GB,0 GB,64-bit,Yes,64990
Lenovo,Intel,8 GB,512 GB,0 GB,64-bit,No,66490
DELL,Intel,16 GB,512 GB,0 GB,64-bit,No,89702
Lenovo,Intel,16 GB,512 GB,0 GB,64-bit,No,70990
ASUS,Intel,16 GB,512 GB,0 GB,64-bit,Yes,58990
Lenovo,Intel,8 GB,512 GB,0 GB,64-bit,No,57500
DELL,Intel,8 GB,512 GB,0 GB,64-bit,Yes,79990
MSI,Intel,8 GB,512 GB,0 GB,64-bit,No,56541
ASUS,Intel,16 GB,512 GB,0 GB,64-bit,No,59990
Lenovo,Intel,16 GB,512 GB,0 GB,64-bit,No,64990
DELL,Intel,8 GB,512 GB,0 GB,64-bit,No,61290
Lenovo,Intel,8 GB,512 GB,0 GB,64-bit,No,54990
Lenovo,Intel,8 GB,512 GB,0 GB,64-bit,No,59990
ASUS,Intel,8 GB,512 GB,0 GB,32-bit,No,84990
HP,Intel,8 GB,512 GB,0 GB,64-bit,No,72500
Lenovo,Intel,8 GB,512 GB,0 GB,64-bit,No,59990
Lenovo,Intel,8 GB,512 GB,0 GB,64-bit,Yes,87990
HP,Intel,8 GB,512 GB,0 GB,64-bit,No,57990
DELL,Intel,8 GB,512 GB,0 GB,64-bit,No,69490
Lenovo,Intel,8 GB,512 GB,0 GB,64-bit,Yes,68990
Lenovo,Intel,8 GB,512 GB,0 GB,32-bit,No,77990
ASUS,Intel,8 GB,512 GB,0 GB,64-bit,Yes,105990
MSI,Intel,8 GB,512 GB,0 GB,64-bit,No,79990
DELL,Intel,8 GB,512 GB,0 GB,64-bit,No,55490
Lenovo,Intel,8 GB,512 GB,0 GB,64-bit,No,69990
ASUS,Intel,8 GB,512 GB,0 GB,64-bit,Yes,84990
DELL,Intel,8 GB,512 GB,0 GB,64-bit,No,59990
DELL,Intel,8 GB,512 GB,0 GB,64-bit,No,111890
DELL,Intel,8 GB,512 GB,0 GB,64-bit,No,65990
ASUS,Intel,8 GB,512 GB,0 GB,32-bit,No,72990
DELL,Intel,8 GB,512 GB,0 GB,64-bit,No,71090
MSI,Intel,8 GB,512 GB,0 GB,64-bit,No,74990
ASUS,Intel,8 GB,512 GB,0 GB,64-bit,No,79990
MSI,Intel,8 GB,512 GB,0 GB,64-bit,No,55490
DELL,Intel,8 GB,512 GB,0 GB,64-bit,No,66490
ASUS,Intel,8 GB,512 GB,0 GB,64-bit,No,53400
DELL,Intel,8 GB,512 GB,0 GB,64-bit,Yes,74500
DELL,Intel,8 GB,512 GB,0 GB,64-bit,No,114990
DELL,Intel,8 GB,512 GB,0 GB,64-bit,No,61990
APPLE,Intel,8 GB,512 GB,0 GB,64-bit,No,159990
APPLE,Intel,8 GB,512 GB,0 GB,64-bit,No,172090
MSI,Intel,8 GB,512 GB,0 GB,64-bit,No,74990
MSI,Intel,8 GB,512 GB,0 GB,64-bit,No,56490
Lenovo,Intel,8 GB,512 GB,0 GB,64-bit,No,147000
Lenovo,Intel,8 GB,512 GB,0 GB,64-bit,No,55990
HP,Intel,8 GB,512 GB,0 GB,64-bit,No,77990
HP,Intel,8 GB,512 GB,0 GB,64-bit,No,106490
Lenovo,Intel,8 GB,512 GB,0 GB,32-bit,No,70990
Lenovo,Intel,8 GB,512 GB,0 GB,64-bit,No,64990
acer,Intel,8 GB,512 GB,0 GB,64-bit,No,57990
ASUS,Intel,8 GB,512 GB,0 GB,64-bit,No,64990
MSI,Intel,8 GB,512 GB,0 GB,64-bit,No,54990
HP,Intel,8 GB,512 GB,0 GB,64-bit,Yes,111999
Lenovo,Intel,8 GB,512 GB,0 GB,64-bit,No,70798
Lenovo,Intel,8 GB,512 GB,0 GB,64-bit,No,59990
acer,Intel,8 GB,512 GB,0 GB,64-bit,No,99500
HP,Intel,8 GB,512 GB,0 GB,64-bit,No,55990
ASUS,Intel,8 GB,512 GB,0 GB,64-bit,No,72990
acer,Intel,8 GB,512 GB,0 GB,64-bit,No,64990
ASUS,Intel,8 GB,512 GB,0 GB,64-bit,No,57990
HP,Intel,8 GB,512 GB,0 GB,64-bit,Yes,76990
Lenovo,Intel,8 GB,512 GB,0 GB,64-bit,No,62998
DELL,Intel,8 GB,512 GB,0 GB,64-bit,Yes,77990
HP,Intel,8 GB,512 GB,0 GB,64-bit,Yes,114990
DELL,Intel,8 GB,512 GB,0 GB,64-bit,No,65990
DELL,Intel,8 GB,512 GB,0 GB,64-bit,No,88990
Lenovo,Intel,8 GB,512 GB,0 GB,64-bit,No,113590
ASUS,Intel,8 GB,512 GB,0 GB,64-bit,Yes,73990
HP,Intel,8 GB,512 GB,0 GB,64-bit,No,61000
ASUS,Intel,8 GB,512 GB,0 GB,64-bit,Yes,99990
Lenovo,Intel,8 GB,512 GB,0 GB,64-bit,No,67990
DELL,Intel,8 GB,512 GB,0 GB,64-bit,Yes,70799
Lenovo,Intel,8 GB,512 GB,0 GB,64-bit,No,65990
ASUS,Intel,8 GB,512 GB,0 GB,64-bit,No,53690
MSI,Intel,8 GB,512 GB,0 GB,64-bit,No,55990
ASUS,Intel,8 GB,512 GB,0 GB,64-bit,No,53190
Lenovo,Intel,8 GB,512 GB,0 GB,32-bit,No,58999
DELL,Intel,8 GB,512 GB,0 GB,64-bit,No,71990
HP,Intel,8 GB,512 GB,0 GB,32-bit,No,82000
ASUS,Intel,8 GB,512 GB,0 GB,64-bit,No,84990
Lenovo,Intel,8 GB,512 GB,0 GB,64-bit,No,89998
ASUS,Intel,8 GB,512 GB,0 GB,64-bit,Yes,99990
ASUS,Intel,8 GB,512 GB,0 GB,64-bit,No,84990
Lenovo,Intel,8 GB,512 GB,0 GB,64-bit,No,69899
DELL,Intel,8 GB,512 GB,0 GB,64-bit,No,79990
DELL,Intel,8 GB,512 GB,0 GB,64-bit,No,76300
Lenovo,Intel,8 GB,512 GB,0 GB,64-bit,No,55999
DELL,Intel,8 GB,512 GB,0 GB,64-bit,No,72900
DELL,Intel,8 GB,512 GB,0 GB,64-bit,Yes,73990
ASUS,Intel,8 GB,512 GB,0 GB,64-bit,No,84990
DELL,Intel,8 GB,512 GB,0 GB,32-bit,No,73519
HP,Intel,8 GB,512 GB,0 GB,64-bit,Yes,126000
ASUS,Intel,8 GB,512 GB,0 GB,64-bit,No,88990
HP,Intel,8 GB,512 GB,0 GB,64-bit,Yes,114999
DELL,Intel,8 GB,512 GB,0 GB,64-bit,Yes,82990
acer,Intel,8 GB,512 GB,0 GB,64-bit,Yes,109999
Lenovo,Intel,8 GB,512 GB,0 GB,64-bit,Yes,82990
DELL,Intel,8 GB,512 GB,0 GB,64-bit,Yes,79990
ASUS,Intel,8 GB,512 GB,0 GB,64-bit,Yes,114990
HP,Intel,8 GB,512 GB,0 GB,64-bit,Yes,129999
MSI,Intel,8 GB,512 GB,0 GB,32-bit,No,149990
DELL,Intel,8 GB,512 GB,0 GB,64-bit,No,71290
DELL,Intel,8 GB,512 GB,0 GB,64-bit,No,79500
DELL,Intel,8 GB,512 GB,0 GB,64-bit,No,82990
DELL,Intel,8 GB,512 GB,0 GB,64-bit,No,70980
ASUS,Intel,8 GB,512 GB,0 GB,64-bit,Yes,99990
HP,Intel,8 GB,512 GB,0 GB,32-bit,No,94000
DELL,Intel,8 GB,512 GB,0 GB,64-bit,Yes,82990
MSI,Intel,8 GB,512 GB,0 GB,64-bit,No,79990
ASUS,Intel,8 GB,512 GB,0 GB,64-bit,No,85990
ASUS,Intel,8 GB,512 GB,0 GB,64-bit,No,86990
ASUS,Intel,8 GB,512 GB,0 GB,64-bit,No,105990
ASUS,Intel,8 GB,512 GB,0 GB,64-bit,No,84990
Lenovo,Intel,8 GB,512 GB,0 GB,64-bit,No,59999
Lenovo,Intel,8 GB,512 GB,0 GB,64-bit,No,91999
DELL,Intel,8 GB,512 GB,0 GB,64-bit,Yes,78900
ASUS,Intel,8 GB,512 GB,0 GB,64-bit,No,132790
Lenovo,Intel,8 GB,512 GB,0 GB,64-bit,No,60990
Avita,Intel,8 GB,512 GB,0 GB,64-bit,No,65556
DELL,Intel,16 GB,512 GB,0 GB,64-bit,No,70190
DELL,Intel,8 GB,512 GB,0 GB,64-bit,Yes,79590
Avita,Intel,8 GB,512 GB,0 GB,64-bit,No,65556
ASUS,Intel,8 GB,512 GB,0 GB,64-bit,No,76990
Avita,Intel,8 GB,512 GB,0 GB,64-bit,No,65556
Avita,Intel,8 GB,512 GB,0 GB,64-bit,No,44990
ASUS,Intel,8 GB,512 GB,0 GB,64-bit,Yes,84990
Lenovo,Intel,8 GB,512 GB,0 GB,64-bit,Yes,86999
HP,Intel,16 GB,512 GB,0 GB,64-bit,No,78000
Avita,Intel,8 GB,512 GB,0 GB,64-bit,No,73063
Avita,Intel,8 GB,512 GB,0 GB,64-bit,No,73063
HP,Intel,16 GB,512 GB,0 GB,64-bit,No,100990
Lenovo,Intel,8 GB,512 GB,0 GB,64-bit,No,74990
ASUS,Intel,8 GB,512 GB,0 GB,64-bit,No,75990
Lenovo,Intel,8 GB,512 GB,0 GB,32-bit,No,84086
ASUS,Intel,8 GB,1024 GB,0 GB,64-bit,No,75990
ASUS,Intel,8 GB,1024 GB,0 GB,64-bit,No,77990
ASUS,Intel,8 GB,1024 GB,0 GB,64-bit,No,77990
APPLE,Intel,16 GB,1024 GB,0 GB,64-bit,No,179990
APPLE,Intel,16 GB,1024 GB,0 GB,64-bit,No,179990
ASUS,Intel,8 GB,1024 GB,0 GB,64-bit,No,82990
ASUS,Intel,8 GB,1024 GB,0 GB,64-bit,No,87990
ASUS,Intel,8 GB,1024 GB,0 GB,64-bit,No,84500
DELL,Intel,8 GB,1024 GB,0 GB,64-bit,No,74190
Lenovo,Intel,8 GB,1024 GB,0 GB,64-bit,No,64990
Lenovo,Intel,8 GB,512 GB,512 GB,64-bit,Yes,155411
Lenovo,Intel,8 GB,512 GB,512 GB,64-bit,Yes,125394
acer,Intel,8 GB,0 GB,1024 GB,64-bit,No,49990
acer,Intel,8 GB,0 GB,1024 GB,64-bit,No,46990
DELL,Intel,8 GB,0 GB,1024 GB,64-bit,No,48990
acer,Intel,8 GB,0 GB,1024 GB,64-bit,No,59999
ASUS,Intel,8 GB,0 GB,1024 GB,64-bit,No,46990
MSI,Intel,8 GB,0 GB,1024 GB,64-bit,No,52990
Lenovo,Intel,8 GB,0 GB,1024 GB,32-bit,No,57999
Lenovo,Intel,8 GB,0 GB,1024 GB,64-bit,No,52490
Lenovo,Intel,8 GB,0 GB,1024 GB,64-bit,No,56990
acer,Intel,8 GB,0 GB,1024 GB,64-bit,No,61990
DELL,Intel,8 GB,0 GB,1024 GB,32-bit,No,58090
ASUS,Intel,8 GB,0 GB,1024 GB,64-bit,No,56990
acer,Intel,8 GB,0 GB,1024 GB,64-bit,No,61597
ASUS,Intel,8 GB,0 GB,1024 GB,64-bit,No,81990
ASUS,Intel,8 GB,0 GB,1024 GB,64-bit,No,61249
DELL,Intel,8 GB,0 GB,1024 GB,32-bit,No,58990
ASUS,Intel,8 GB,0 GB,1024 GB,64-bit,No,83990
MSI,Intel,8 GB,0 GB,512 GB,32-bit,No,291190
MSI,Intel,8 GB,0 GB,512 GB,32-bit,No,145990
MSI,Intel,8 GB,0 GB,512 GB,32-bit,No,179990
HP,Intel,8 GB,0 GB,1024 GB,64-bit,No,64990
HP,Intel,8 GB,0 GB,1024 GB,64-bit,No,46790
HP,Intel,4 GB,0 GB,1024 GB,64-bit,No,44599
acer,Intel,8 GB,0 GB,1024 GB,64-bit,No,72964
HP,Intel,8 GB,0 GB,1024 GB,32-bit,No,48790
acer,Intel,8 GB,0 GB,1024 GB,64-bit,No,56491
ASUS,Intel,8 GB,256 GB,1024 GB,32-bit,No,50990
ASUS,Intel,8 GB,256 GB,1024 GB,64-bit,No,55990
acer,Intel,8 GB,256 GB,1024 GB,64-bit,No,57990
ASUS,Intel,8 GB,256 GB,1024 GB,64-bit,No,52990
DELL,Intel,8 GB,256 GB,1024 GB,64-bit,No,57990
acer,Intel,8 GB,256 GB,1024 GB,64-bit,No,56990
acer,Intel,8 GB,256 GB,1024 GB,64-bit,No,55490
DELL,Intel,8 GB,256 GB,1024 GB,64-bit,No,62490
ASUS,Intel,16 GB,256 GB,1024 GB,64-bit,No,64990
Lenovo,Intel,8 GB,256 GB,1024 GB,64-bit,No,59990
ASUS,Intel,8 GB,256 GB,1024 GB,64-bit,No,60190
ASUS,Intel,8 GB,256 GB,1024 GB,64-bit,No,54490
Lenovo,Intel,8 GB,256 GB,1024 GB,64-bit,No,60990
DELL,Intel,4 GB,256 GB,1024 GB,64-bit,No,55790
ASUS,Intel,16 GB,256 GB,1024 GB,64-bit,No,64990
ASUS,Intel,16 GB,256 GB,1024 GB,64-bit,No,58990
DELL,Intel,8 GB,256 GB,1024 GB,64-bit,No,54990
HP,Intel,8 GB,256 GB,1024 GB,64-bit,No,71990
DELL,Intel,8 GB,256 GB,1024 GB,64-bit,No,69900
Lenovo,Intel,8 GB,256 GB,1024 GB,64-bit,No,65990
ASUS,Intel,8 GB,256 GB,1024 GB,64-bit,No,49990
DELL,Intel,8 GB,256 GB,1024 GB,64-bit,No,58990
Lenovo,Intel,8 GB,256 GB,1024 GB,64-bit,No,74590
ASUS,Intel,8 GB,256 GB,1024 GB,32-bit,No,58990
ASUS,Intel,8 GB,256 GB,1024 GB,64-bit,No,64990
DELL,Intel,8 GB,256 GB,1024 GB,64-bit,No,66490
DELL,Intel,8 GB,256 GB,1024 GB,64-bit,No,77900
DELL,Intel,8 GB,256 GB,1024 GB,64-bit,No,67490
DELL,Intel,8 GB,256 GB,1024 GB,64-bit,No,61990
DELL,Intel,8 GB,256 GB,1024 GB,64-bit,No,58990
Lenovo,Intel,8 GB,256 GB,1024 GB,64-bit,No,74999
ASUS,Intel,8 GB,256 GB,1024 GB,64-bit,No,68900
DELL,Intel,8 GB,256 GB,1024 GB,64-bit,No,71695
acer,Intel,16 GB,256 GB,1024 GB,64-bit,No,62490
DELL,Intel,8 GB,0 GB,2048 GB,64-bit,No,62317
MSI,Intel,8 GB,0 GB,512 GB,32-bit,No,207290
DELL,Intel,16 GB,256 GB,0 GB,64-bit,No,87990
Avita,Intel,8 GB,256 GB,0 GB,64-bit,No,73990
Avita,Intel,8 GB,256 GB,0 GB,64-bit,No,73990
Avita,Intel,8 GB,256 GB,0 GB,64-bit,No,73990
Avita,Intel,8 GB,256 GB,0 GB,64-bit,No,73990
Avita,Intel,8 GB,256 GB,0 GB,64-bit,No,73990
Avita,Intel,8 GB,256 GB,0 GB,64-bit,No,73990
ASUS,Intel,16 GB,512 GB,0 GB,64-bit,No,57990
ASUS,Intel,8 GB,512 GB,0 GB,64-bit,No,61990
MSI,Intel,16 GB,512 GB,0 GB,64-bit,No,79990
Lenovo,Intel,8 GB,512 GB,0 GB,64-bit,No,68990
Lenovo,Intel,16 GB,512 GB,0 GB,64-bit,Yes,85990
Lenovo,Intel,16 GB,512 GB,0 GB,64-bit,No,99990
ASUS,Intel,8 GB,512 GB,0 GB,64-bit,No,77990
Lenovo,Intel,8 GB,512 GB,0 GB,64-bit,No,79990
HP,Intel,16 GB,512 GB,0 GB,64-bit,No,93190
ASUS,Intel,16 GB,512 GB,0 GB,64-bit,No,94990
Lenovo,Intel,16 GB,512 GB,0 GB,64-bit,Yes,84990
MSI,Intel,8 GB,512 GB,0 GB,64-bit,No,57990
HP,Intel,16 GB,512 GB,0 GB,64-bit,Yes,102990
DELL,Intel,16 GB,512 GB,0 GB,64-bit,No,99990
ASUS,Intel,16 GB,512 GB,0 GB,64-bit,No,94990
HP,Intel,16 GB,512 GB,0 GB,64-bit,Yes,104000
MSI,Intel,16 GB,512 GB,0 GB,64-bit,No,76990
HP,Intel,16 GB,512 GB,0 GB,64-bit,No,90190
Lenovo,Intel,16 GB,512 GB,0 GB,32-bit,Yes,88488
MSI,Intel,16 GB,512 GB,0 GB,64-bit,No,109990
MSI,Intel,16 GB,512 GB,0 GB,64-bit,No,86990
MSI,Intel,16 GB,512 GB,0 GB,64-bit,No,89990
HP,Intel,16 GB,512 GB,0 GB,64-bit,Yes,239759
ASUS,Intel,16 GB,512 GB,0 GB,64-bit,No,78990
DELL,Intel,16 GB,512 GB,0 GB,64-bit,No,121890
ASUS,Intel,16 GB,512 GB,0 GB,64-bit,No,85990
MSI,Intel,16 GB,512 GB,0 GB,64-bit,No,94990
HP,Intel,16 GB,512 GB,0 GB,64-bit,No,92000
HP,Intel,16 GB,512 GB,0 GB,64-bit,Yes,162990
DELL,Intel,16 GB,512 GB,0 GB,64-bit,No,135300
MSI,Intel,16 GB,512 GB,0 GB,64-bit,No,64990
Lenovo,Intel,16 GB,512 GB,0 GB,64-bit,No,174527
Lenovo,Intel,16 GB,512 GB,0 GB,64-bit,No,162299
DELL,Intel,16 GB,512 GB,0 GB,64-bit,Yes,109190
HP,Intel,16 GB,512 GB,0 GB,64-bit,Yes,99999
MSI,Intel,16 GB,512 GB,0 GB,64-bit,No,104990
ASUS,Intel,16 GB,512 GB,0 GB,64-bit,Yes,109990
ASUS,Intel,16 GB,512 GB,0 GB,64-bit,No,99990
Lenovo,Intel,16 GB,512 GB,0 GB,64-bit,No,244801
ASUS,Intel,16 GB,512 GB,0 GB,64-bit,No,94990
Lenovo,Intel,16 GB,512 GB,0 GB,64-bit,No,86000
Lenovo,Intel,16 GB,512 GB,0 GB,32-bit,No,162399
HP,Intel,16 GB,512 GB,0 GB,32-bit,No,119599
Lenovo,Intel,16 GB,512 GB,0 GB,64-bit,No,211753
Lenovo,Intel,16 GB,512 GB,0 GB,32-bit,No,110999
DELL,Intel,16 GB,512 GB,0 GB,64-bit,No,99990
ASUS,Intel,8 GB,512 GB,0 GB,64-bit,No,81990
MSI,Intel,8 GB,512 GB,0 GB,64-bit,No,66990
MSI,Intel,16 GB,1024 GB,0 GB,64-bit,No,84990
ASUS,Intel,16 GB,1024 GB,0 GB,64-bit,Yes,104990
ASUS,Intel,16 GB,1024 GB,0 GB,64-bit,Yes,134990
ASUS,Intel,16 GB,1024 GB,0 GB,64-bit,No,98990
HP,Intel,16 GB,1024 GB,0 GB,64-bit,No,144690
ASUS,Intel,16 GB,1024 GB,0 GB,64-bit,No,99990
MSI,Intel,16 GB,1024 GB,0 GB,64-bit,No,119990
ASUS,Intel,16 GB,1024 GB,0 GB,32-bit,No,194990
ASUS,Intel,16 GB,1024 GB,0 GB,64-bit,No,124990
DELL,Intel,16 GB,1024 GB,0 GB,64-bit,No,122410
HP,Intel,16 GB,1024 GB,0 GB,64-bit,Yes,179990
MSI,Intel,16 GB,1024 GB,0 GB,64-bit,Yes,154990
Lenovo,Intel,16 GB,1024 GB,0 GB,64-bit,No,122990
ASUS,Intel,16 GB,1024 GB,0 GB,64-bit,Yes,224990
MSI,Intel,16 GB,1024 GB,0 GB,64-bit,No,279990
HP,Intel,16 GB,1024 GB,0 GB,64-bit,No,121990
HP,Intel,16 GB,1024 GB,0 GB,64-bit,No,116990
Lenovo,Intel,16 GB,1024 GB,0 GB,64-bit,No,151098
MSI,Intel,16 GB,1024 GB,0 GB,64-bit,No,129990
HP,Intel,16 GB,1024 GB,0 GB,64-bit,Yes,149999
MSI,Intel,16 GB,1024 GB,0 GB,64-bit,No,139990
acer,Intel,16 GB,1024 GB,0 GB,64-bit,No,129990
HP,Intel,16 GB,1024 GB,0 GB,64-bit,No,171990
DELL,Intel,16 GB,1024 GB,0 GB,64-bit,No,93955
ASUS,Intel,16 GB,1024 GB,0 GB,64-bit,No,234990
HP,Intel,16 GB,1024 GB,0 GB,64-bit,Yes,128500
Lenovo,Intel,16 GB,1024 GB,0 GB,64-bit,Yes,102990
ASUS,Intel,16 GB,1024 GB,0 GB,64-bit,Yes,119990
ASUS,Intel,16 GB,1024 GB,0 GB,32-bit,No,120980
ASUS,Intel,16 GB,1024 GB,0 GB,32-bit,No,157249
Lenovo,Intel,16 GB,1024 GB,0 GB,64-bit,No,229900
ASUS,Intel,16 GB,1024 GB,0 GB,64-bit,No,131500
ASUS,Intel,16 GB,1024 GB,0 GB,64-bit,No,154990
ASUS,Intel,16 GB,1024 GB,0 GB,64-bit,No,165990
Lenovo,Intel,16 GB,1024 GB,0 GB,64-bit,No,119990
ASUS,Intel,16 GB,1024 GB,0 GB,64-bit,No,167990
HP,Intel,16 GB,1024 GB,0 GB,64-bit,Yes,165000
Avita,Intel,16 GB,1024 GB,0 GB,64-bit,No,62990
Lenovo,Intel,16 GB,1024 GB,0 GB,64-bit,No,85990
HP,Intel,16 GB,1024 GB,0 GB,64-bit,No,94990
HP,Intel,16 GB,1024 GB,0 GB,64-bit,No,136990
Lenovo,Intel,16 GB,1024 GB,0 GB,64-bit,No,234990
acer,Intel,16 GB,2048 GB,0 GB,64-bit,No,159990
ASUS,Intel,16 GB,2048 GB,0 GB,64-bit,No,233990
ASUS,Intel,16 GB,0 GB,1024 GB,64-bit,No,93990
HP,Intel,16 GB,128 GB,1024 GB,64-bit,No,116941
MSI,Intel,8 GB,256 GB,1024 GB,64-bit,No,63990
ASUS,Intel,16 GB,256 GB,1024 GB,64-bit,No,66990
ASUS,Intel,16 GB,256 GB,1024 GB,32-bit,No,82500
acer,Intel,16 GB,256 GB,1024 GB,64-bit,No,119990
MSI,Intel,16 GB,256 GB,1024 GB,64-bit,No,159990
ASUS,Intel,16 GB,256 GB,1024 GB,64-bit,No,98912
acer,Intel,16 GB,512 GB,1024 GB,64-bit,No,92990
acer,Intel,16 GB,512 GB,1024 GB,32-bit,No,119990
acer,Intel,32 GB,1024 GB,0 GB,64-bit,No,169990
acer,Intel,16 GB,1024 GB,0 GB,64-bit,No,139990
MSI,Intel,16 GB,1024 GB,0 GB,64-bit,No,192990
ASUS,Intel,16 GB,1024 GB,0 GB,64-bit,No,299990
ASUS,Intel,16 GB,1024 GB,0 GB,64-bit,Yes,269990
ASUS,Intel,16 GB,1024 GB,0 GB,64-bit,No,139990
Lenovo,Intel,16 GB,1024 GB,0 GB,32-bit,No,265998
ASUS,Intel,16 GB,3072 GB,0 GB,32-bit,No,441990
MSI,Intel,8 GB,0 GB,512 GB,32-bit,No,86990
MSI,Intel,8 GB,0 GB,512 GB,32-bit,No,109990
MSI,Intel,8 GB,0 GB,512 GB,32-bit,No,109590
ASUS,Intel,16 GB,0 GB,512 GB,32-bit,No,146490
APPLE,M1,8 GB,256 GB,0 GB,64-bit,No,85990
APPLE,M1,8 GB,256 GB,0 GB,64-bit,No,112990
APPLE,M1,16 GB,256 GB,0 GB,64-bit,No,104990
APPLE,M1,8 GB,256 GB,0 GB,64-bit,No,112990
APPLE,M1,16 GB,256 GB,0 GB,64-bit,No,132990
APPLE,M1,16 GB,256 GB,0 GB,64-bit,No,104990
APPLE,M1,8 GB,256 GB,0 GB,64-bit,No,85990
APPLE,M1,16 GB,512 GB,0 GB,64-bit,No,149990
APPLE,M1,8 GB,512 GB,0 GB,64-bit,No,125990
APPLE,M1,8 GB,512 GB,0 GB,64-bit,No,103990
APPLE,M1,8 GB,512 GB,0 GB,64-bit,No,101990
APPLE,M1,8 GB,512 GB,0 GB,64-bit,No,104990
APPLE,M1,8 GB,512 GB,0 GB,64-bit,No,131990
APPLE,M1,16 GB,512 GB,0 GB,64-bit,No,128990
APPLE,M1,16 GB,512 GB,0 GB,64-bit,No,184990
APPLE,M1,16 GB,512 GB,0 GB,64-bit,No,225990
APPLE,M1,4 GB,512 GB,0 GB,64-bit,No,124990
APPLE,M1,8 GB,512 GB,0 GB,64-bit,No,104990
APPLE,M1,8 GB,1024 GB,0 GB,64-bit,No,149990
APPLE,M1,16 GB,1024 GB,0 GB,64-bit,No,169990
APPLE,M1,16 GB,1024 GB,0 GB,64-bit,No,225990
APPLE,M1,16 GB,1024 GB,0 GB,64-bit,No,243990
APPLE,M1,32 GB,1024 GB,0 GB,64-bit,No,309990
APPLE,M1,16 GB,1024 GB,0 GB,64-bit,No,225990
ASUS,Intel,4 GB,0 GB,512 GB,64-bit,No,45990
ASUS,Intel,4 GB,128 GB,0 GB,32-bit,Yes,58100
ASUS,Intel,8 GB,256 GB,0 GB,64-bit,Yes,62990
HP,Intel,8 GB,256 GB,0 GB,64-bit,No,32990
ASUS,Intel,4 GB,256 GB,0 GB,64-bit,No,33990
acer,Intel,4 GB,256 GB,0 GB,64-bit,No,30990
DELL,Intel,4 GB,256 GB,0 GB,64-bit,No,36000
ASUS,Intel,4 GB,256 GB,0 GB,64-bit,No,32990
DELL,Intel,4 GB,256 GB,0 GB,64-bit,No,35990
ASUS,Intel,4 GB,0 GB,1024 GB,64-bit,No,27990
ASUS,Intel,4 GB,0 GB,1024 GB,64-bit,No,25990
ASUS,Intel,4 GB,0 GB,1024 GB,64-bit,No,25990
ASUS,Intel,4 GB,0 GB,1024 GB,64-bit,No,30780
HP,AMD,8 GB,256 GB,0 GB,64-bit,No,37990
ASUS,AMD,8 GB,256 GB,0 GB,64-bit,No,35990
DELL,AMD,8 GB,256 GB,0 GB,64-bit,No,39490
DELL,AMD,8 GB,256 GB,0 GB,64-bit,No,36990
DELL,AMD,8 GB,256 GB,0 GB,64-bit,No,39990
ASUS,AMD,4 GB,256 GB,0 GB,64-bit,No,33690
DELL,AMD,8 GB,256 GB,0 GB,64-bit,No,40590
ASUS,AMD,4 GB,256 GB,0 GB,64-bit,No,37990
ASUS,AMD,4 GB,256 GB,0 GB,64-bit,No,34500
acer,AMD,8 GB,512 GB,0 GB,64-bit,No,36990
HP,AMD,8 GB,512 GB,0 GB,64-bit,No,43490
HP,AMD,8 GB,512 GB,0 GB,64-bit,No,41490
acer,AMD,4 GB,512 GB,0 GB,64-bit,No,34990
HP,AMD,4 GB,512 GB,0 GB,64-bit,No,44490
DELL,AMD,4 GB,512 GB,0 GB,64-bit,No,40590
DELL,AMD,8 GB,512 GB,0 GB,64-bit,No,42090
DELL,AMD,8 GB,0 GB,1024 GB,64-bit,No,35990
HP,AMD,8 GB,0 GB,1024 GB,64-bit,No,39490
DELL,AMD,8 GB,0 GB,1024 GB,64-bit,No,37390
DELL,AMD,4 GB,0 GB,1024 GB,64-bit,No,52632
DELL,AMD,4 GB,0 GB,1024 GB,64-bit,No,39990
DELL,AMD,4 GB,0 GB,1024 GB,64-bit,No,43990
HP,AMD,4 GB,0 GB,1024 GB,64-bit,No,32917
Lenovo,AMD,4 GB,0 GB,1024 GB,64-bit,No,34990
DELL,AMD,8 GB,0 GB,1024 GB,64-bit,No,39990
HP,AMD,8 GB,256 GB,1024 GB,64-bit,No,41999
DELL,AMD,8 GB,256 GB,0 GB,64-bit,No,41990
DELL,AMD,8 GB,256 GB,0 GB,64-bit,No,44490
DELL,AMD,8 GB,256 GB,0 GB,64-bit,No,41990
DELL,AMD,8 GB,256 GB,0 GB,64-bit,No,44490
MSI,AMD,4 GB,256 GB,0 GB,64-bit,No,49990
DELL,AMD,4 GB,256 GB,0 GB,64-bit,No,44390
HP,AMD,8 GB,512 GB,0 GB,64-bit,No,57990
Lenovo,AMD,8 GB,512 GB,0 GB,64-bit,No,56990
Lenovo,AMD,8 GB,512 GB,0 GB,64-bit,No,48990
HP,AMD,8 GB,512 GB,0 GB,64-bit,No,49970
MSI,AMD,8 GB,512 GB,0 GB,64-bit,No,47990
HP,AMD,8 GB,512 GB,0 GB,64-bit,No,48990
acer,AMD,8 GB,512 GB,0 GB,64-bit,No,53990
Lenovo,AMD,8 GB,512 GB,0 GB,64-bit,No,52990
acer,AMD,8 GB,512 GB,0 GB,64-bit,No,43990
Lenovo,AMD,8 GB,512 GB,0 GB,64-bit,No,59490
MSI,AMD,8 GB,512 GB,0 GB,64-bit,No,64990
DELL,AMD,8 GB,512 GB,0 GB,64-bit,No,47490
HP,AMD,8 GB,512 GB,0 GB,64-bit,No,59990
Lenovo,AMD,8 GB,512 GB,0 GB,64-bit,No,69990
HP,AMD,8 GB,512 GB,0 GB,64-bit,No,58990
DELL,AMD,8 GB,512 GB,0 GB,64-bit,No,59490
HP,AMD,16 GB,512 GB,0 GB,64-bit,No,67500
HP,AMD,8 GB,512 GB,0 GB,32-bit,No,48990
ASUS,AMD,8 GB,512 GB,0 GB,64-bit,Yes,62450
ASUS,AMD,8 GB,512 GB,0 GB,64-bit,No,58990
HP,AMD,8 GB,512 GB,0 GB,64-bit,No,57999
ASUS,AMD,16 GB,512 GB,0 GB,64-bit,No,56990
HP,AMD,8 GB,512 GB,0 GB,64-bit,No,72990
HP,AMD,16 GB,512 GB,0 GB,64-bit,No,65990
HP,AMD,16 GB,512 GB,0 GB,64-bit,Yes,98020
HP,AMD,16 GB,512 GB,0 GB,64-bit,No,63990
ASUS,AMD,8 GB,512 GB,0 GB,32-bit,No,49890
DELL,AMD,8 GB,512 GB,0 GB,64-bit,No,49990
DELL,AMD,8 GB,512 GB,0 GB,64-bit,No,59490
HP,AMD,8 GB,512 GB,0 GB,64-bit,Yes,73999
DELL,AMD,4 GB,512 GB,0 GB,64-bit,No,60990
DELL,AMD,4 GB,512 GB,0 GB,64-bit,No,76190
Lenovo,AMD,4 GB,512 GB,0 GB,64-bit,Yes,74798
ASUS,AMD,4 GB,512 GB,0 GB,64-bit,No,58990
HP,AMD,4 GB,512 GB,0 GB,32-bit,No,68100
Lenovo,AMD,4 GB,512 GB,0 GB,64-bit,Yes,77990
HP,AMD,4 GB,512 GB,0 GB,64-bit,No,55090
ASUS,AMD,4 GB,512 GB,0 GB,64-bit,Yes,91990
HP,AMD,4 GB,512 GB,0 GB,64-bit,No,84208
acer,AMD,4 GB,512 GB,0 GB,64-bit,No,44990
HP,AMD,4 GB,512 GB,0 GB,64-bit,No,53490
Lenovo,AMD,4 GB,512 GB,0 GB,64-bit,No,76498
DELL,AMD,4 GB,512 GB,0 GB,64-bit,No,98920
MSI,AMD,4 GB,512 GB,0 GB,64-bit,No,54990
acer,AMD,4 GB,512 GB,0 GB,64-bit,No,49990
HP,AMD,4 GB,512 GB,0 GB,32-bit,No,52380
acer,AMD,4 GB,512 GB,0 GB,64-bit,No,49990
HP,AMD,4 GB,512 GB,0 GB,64-bit,No,52500
ASUS,AMD,4 GB,512 GB,0 GB,64-bit,No,49990
acer,AMD,4 GB,512 GB,0 GB,64-bit,No,75999
ASUS,AMD,4 GB,512 GB,0 GB,64-bit,No,80990
Lenovo,AMD,4 GB,512 GB,0 GB,32-bit,No,59900
HP,AMD,4 GB,512 GB,0 GB,64-bit,No,54590
DELL,AMD,4 GB,512 GB,0 GB,64-bit,Yes,75500
HP,AMD,8 GB,512 GB,0 GB,64-bit,No,51890
ASUS,AMD,16 GB,512 GB,0 GB,64-bit,No,78000
HP,AMD,16 GB,512 GB,0 GB,64-bit,No,59999
HP,AMD,8 GB,512 GB,0 GB,64-bit,No,64990
DELL,AMD,4 GB,1024 GB,0 GB,32-bit,No,57900
Lenovo,AMD,4 GB,1024 GB,0 GB,64-bit,Yes,81978
HP,AMD,4 GB,0 GB,1024 GB,64-bit,No,59990
DELL,AMD,8 GB,256 GB,1024 GB,64-bit,No,49490
ASUS,AMD,8 GB,256 GB,1024 GB,64-bit,No,54990
Lenovo,AMD,8 GB,256 GB,1024 GB,64-bit,No,68500
ASUS,AMD,8 GB,256 GB,1024 GB,64-bit,No,54990
ASUS,AMD,8 GB,256 GB,1024 GB,32-bit,No,54990
Lenovo,AMD,8 GB,256 GB,1024 GB,64-bit,No,63990
HP,AMD,4 GB,256 GB,1024 GB,64-bit,No,80000
DELL,AMD,4 GB,256 GB,1024 GB,32-bit,No,51990
ASUS,AMD,4 GB,256 GB,1024 GB,64-bit,No,62990
HP,AMD,4 GB,256 GB,1024 GB,64-bit,No,52990
ASUS,AMD,4 GB,256 GB,1024 GB,64-bit,No,75100
ASUS,AMD,16 GB,512 GB,0 GB,32-bit,No,76990
ASUS,AMD,16 GB,512 GB,0 GB,64-bit,No,79990
ASUS,AMD,8 GB,512 GB,0 GB,64-bit,No,71990
ASUS,AMD,8 GB,512 GB,0 GB,64-bit,No,71990
Lenovo,AMD,16 GB,512 GB,0 GB,64-bit,No,99990
ASUS,AMD,16 GB,512 GB,0 GB,64-bit,No,79990
DELL,AMD,16 GB,512 GB,0 GB,64-bit,No,93990
ASUS,AMD,16 GB,512 GB,0 GB,64-bit,No,82990
ASUS,AMD,4 GB,512 GB,0 GB,64-bit,No,106990
ASUS,AMD,4 GB,512 GB,0 GB,64-bit,No,92990
Lenovo,Intel,4 GB,512 GB,0 GB,32-bit,No,81490
ASUS,AMD,4 GB,512 GB,0 GB,64-bit,No,56990
MSI,AMD,4 GB,512 GB,0 GB,64-bit,No,64990
Lenovo,AMD,4 GB,512 GB,0 GB,64-bit,No,60990
Lenovo,AMD,4 GB,512 GB,0 GB,64-bit,No,84988
HP,AMD,4 GB,512 GB,0 GB,64-bit,No,90990
ASUS,AMD,4 GB,512 GB,0 GB,64-bit,No,63990
Lenovo,AMD,4 GB,512 GB,0 GB,64-bit,No,63990
HP,AMD,4 GB,512 GB,0 GB,64-bit,No,57999
ASUS,AMD,4 GB,512 GB,0 GB,32-bit,No,72400
Lenovo,AMD,4 GB,512 GB,0 GB,64-bit,Yes,78990
acer,AMD,4 GB,512 GB,0 GB,64-bit,No,59990
ASUS,AMD,4 GB,512 GB,0 GB,32-bit,No,111990
HP,AMD,4 GB,512 GB,0 GB,32-bit,Yes,109000
DELL,AMD,4 GB,512 GB,0 GB,64-bit,No,89990
Lenovo,AMD,4 GB,512 GB,0 GB,64-bit,Yes,78988
Lenovo,AMD,4 GB,512 GB,0 GB,64-bit,No,73138
Lenovo,AMD,4 GB,512 GB,0 GB,64-bit,No,106990
ASUS,AMD,4 GB,512 GB,0 GB,32-bit,No,79990
DELL,AMD,4 GB,512 GB,0 GB,64-bit,Yes,89570
HP,AMD,4 GB,512 GB,0 GB,64-bit,No,68500
Lenovo,AMD,16 GB,512 GB,0 GB,64-bit,No,73400
HP,AMD,16 GB,512 GB,0 GB,64-bit,No,79990
HP,AMD,16 GB,512 GB,0 GB,64-bit,No,84990
MSI,AMD,16 GB,1024 GB,0 GB,64-bit,No,99990
ASUS,AMD,8 GB,1024 GB,0 GB,64-bit,No,72990
HP,AMD,16 GB,1024 GB,0 GB,64-bit,Yes,92990
HP,AMD,16 GB,1024 GB,0 GB,64-bit,No,84190
ASUS,AMD,16 GB,1024 GB,0 GB,64-bit,Yes,112990
ASUS,AMD,4 GB,1024 GB,0 GB,32-bit,No,114990
acer,AMD,4 GB,1024 GB,0 GB,64-bit,No,99990
ASUS,AMD,4 GB,1024 GB,0 GB,32-bit,No,95990
HP,AMD,4 GB,1024 GB,0 GB,64-bit,No,159990
ASUS,AMD,4 GB,1024 GB,0 GB,64-bit,No,76990
Lenovo,AMD,4 GB,1024 GB,0 GB,64-bit,No,130990
ASUS,AMD,4 GB,1024 GB,0 GB,64-bit,No,99990
ASUS,AMD,4 GB,1024 GB,0 GB,64-bit,No,112990
Lenovo,AMD,4 GB,1024 GB,0 GB,64-bit,No,77988
ASUS,AMD,4 GB,1024 GB,0 GB,64-bit,No,76000
ASUS,AMD,4 GB,1024 GB,0 GB,64-bit,Yes,99990
ASUS,AMD,4 GB,1024 GB,0 GB,64-bit,No,111000
ASUS,AMD,16 GB,1024 GB,0 GB,64-bit,No,84970
HP,AMD,16 GB,256 GB,1024 GB,64-bit,No,75990
acer,AMD,16 GB,256 GB,1024 GB,64-bit,No,89990
acer,AMD,16 GB,256 GB,1024 GB,64-bit,No,81990
Lenovo,AMD,4 GB,512 GB,1024 GB,32-bit,No,80490
ASUS,AMD,16 GB,1024 GB,0 GB,64-bit,No,135990
ASUS,AMD,16 GB,1024 GB,0 GB,32-bit,No,154990
ASUS,AMD,16 GB,1024 GB,0 GB,64-bit,No,199990
ASUS,AMD,16 GB,1024 GB,0 GB,64-bit,No,114990
ASUS,AMD,16 GB,1024 GB,0 GB,64-bit,No,129990
ASUS,AMD,16 GB,1024 GB,0 GB,64-bit,Yes,114990
MSI,AMD,4 GB,1024 GB,0 GB,64-bit,No,146990
ASUS,AMD,4 GB,1024 GB,0 GB,64-bit,No,104990
ASUS,AMD,4 GB,1024 GB,0 GB,64-bit,Yes,114990
ASUS,AMD,4 GB,1024 GB,0 GB,64-bit,Yes,124990
ASUS,AMD,4 GB,1024 GB,0 GB,64-bit,Yes,134990
HP,AMD,4 GB,1024 GB,0 GB,64-bit,No,141990
ASUS,AMD,4 GB,1024 GB,0 GB,64-bit,No,129990
ASUS,AMD,4 GB,1024 GB,0 GB,64-bit,Yes,142990
ASUS,AMD,4 GB,1024 GB,0 GB,64-bit,No,121990
ASUS,AMD,4 GB,1024 GB,0 GB,64-bit,Yes,124990
ASUS,AMD,4 GB,1024 GB,0 GB,64-bit,No,141990
ASUS,AMD,4 GB,1024 GB,0 GB,64-bit,No,162990
ASUS,AMD,4 GB,1024 GB,0 GB,64-bit,No,130500
ASUS,AMD,4 GB,1024 GB,0 GB,64-bit,No,116990
ASUS,AMD,4 GB,1024 GB,0 GB,32-bit,No,138990
ASUS,AMD,4 GB,1024 GB,0 GB,64-bit,Yes,234990
ASUS,AMD,4 GB,1024 GB,0 GB,64-bit,No,135990
ASUS,AMD,4 GB,1024 GB,0 GB,64-bit,No,144990
ASUS,AMD,4 GB,1024 GB,0 GB,64-bit,No,149990
ASUS,AMD,4 GB,1024 GB,0 GB,64-bit,No,142990
Lenovo,AMD,8 GB,512 GB,0 GB,64-bit,No,57490
